<keymap version="1" name="macOS copy" parent="Mac OS X 10.5+">
  <action id="ActivateTerminalToolWindow">
    <keyboard-shortcut first-keystroke="alt f12" />
    <keyboard-shortcut first-keystroke="meta circumflex" />
  </action>
  <action id="CodeCompletion">
    <keyboard-shortcut first-keystroke="ctrl space" />
    <keyboard-shortcut first-keystroke="meta space" />
  </action>
  <action id="EditorCodeBlockEnd">
    <keyboard-shortcut first-keystroke="meta alt close_bracket" />
    <keyboard-shortcut first-keystroke="meta colon" />
  </action>
  <action id="EditorCodeBlockStart">
    <keyboard-shortcut first-keystroke="meta alt open_bracket" />
    <keyboard-shortcut first-keystroke="meta at" />
  </action>
  <action id="EditorLineEnd">
    <keyboard-shortcut first-keystroke="end" />
    <keyboard-shortcut first-keystroke="ctrl e" />
    <keyboard-shortcut first-keystroke="alt right" />
  </action>
  <action id="EditorLineEndWithSelection">
    <keyboard-shortcut first-keystroke="shift end" />
    <keyboard-shortcut first-keystroke="shift alt right" />
  </action>
  <action id="EditorLineStart">
    <keyboard-shortcut first-keystroke="home" />
    <keyboard-shortcut first-keystroke="ctrl a" />
    <keyboard-shortcut first-keystroke="alt left" />
  </action>
  <action id="EditorLineStartWithSelection">
    <keyboard-shortcut first-keystroke="shift home" />
    <keyboard-shortcut first-keystroke="shift alt left" />
  </action>
  <action id="EditorMoveToPageBottom" />
  <action id="EditorMoveToPageTop" />
  <action id="EditorNextWord">
    <keyboard-shortcut first-keystroke="meta right" />
  </action>
  <action id="EditorNextWordWithSelection">
    <keyboard-shortcut first-keystroke="shift meta right" />
  </action>
  <action id="EditorPreviousWord">
    <keyboard-shortcut first-keystroke="meta left" />
  </action>
  <action id="EditorPreviousWordWithSelection">
    <keyboard-shortcut first-keystroke="shift meta left" />
  </action>
  <action id="Flutter.Toolbar.RestartAction">
    <keyboard-shortcut first-keystroke="shift meta back_slash" />
    <keyboard-shortcut first-keystroke="meta alt s" />
  </action>
  <action id="IncrementWindowWidth" />
  <action id="List-selectFirstRowExtendSelection" />
  <action id="List-selectLastRowExtendSelection" />
  <action id="MoveLineDown">
    <keyboard-shortcut first-keystroke="shift meta down" />
  </action>
  <action id="MoveLineUp">
    <keyboard-shortcut first-keystroke="shift meta up" />
  </action>
  <action id="MoveStatementDown">
    <keyboard-shortcut first-keystroke="shift alt down" />
  </action>
  <action id="MoveStatementUp">
    <keyboard-shortcut first-keystroke="shift alt up" />
  </action>
  <action id="NavBar-selectEnd">
    <keyboard-shortcut first-keystroke="end" />
    <keyboard-shortcut first-keystroke="ctrl e" />
  </action>
  <action id="NextTab">
    <keyboard-shortcut first-keystroke="shift meta close_bracket" />
    <keyboard-shortcut first-keystroke="ctrl right" />
    <keyboard-shortcut first-keystroke="meta page_down" />
  </action>
  <action id="PreviousTab">
    <keyboard-shortcut first-keystroke="shift meta open_bracket" />
    <keyboard-shortcut first-keystroke="ctrl left" />
    <keyboard-shortcut first-keystroke="meta page_up" />
  </action>
  <action id="ResizeToolWindowLeft" />
  <action id="ResizeToolWindowRight" />
  <action id="ShowBookmarks">
    <keyboard-shortcut first-keystroke="shift f3" />
  </action>
  <action id="XDebugger.MoveWatchDown">
    <keyboard-shortcut first-keystroke="shift meta down" />
  </action>
  <action id="android.deploy.ApplyChanges">
    <keyboard-shortcut first-keystroke="ctrl meta e" />
  </action>
  <action id="android.deploy.CodeSwap">
    <keyboard-shortcut first-keystroke="shift ctrl meta e" />
  </action>
  <action id="copilot.requestCompletions">
    <keyboard-shortcut first-keystroke="ctrl slash" />
  </action>
</keymap>